{"cifar10": {"clean": 0.751890923566879, "cw (None)": 0.42137738853503187, "purified cw (None)": 0.605593152866242, "fgsm (0.009999999776482582)": 0.5510549363057324, "purified fgsm (0.009999999776482582)": 0.6011146496815286, "ifgsm (0.009999999776482582)": 0.4941281847133758, "purified ifgsm (0.009999999776482582)": 0.5976313694267515, "fgsm (0.05999999865889549)": 0.5041799363057324, "purified fgsm (0.05999999865889549)": 0.5128383757961783, "ifgsm (0.05999999865889549)": 0.4619824840764331, "purified ifgsm (0.05999999865889549)": 0.5318471337579618, "fgsm (0.30000001192092896)": 0.4759156050955414, "purified fgsm (0.30000001192092896)": 0.6318670382165605, "ifgsm (0.30000001192092896)": 0.46138535031847133, "purified ifgsm (0.30000001192092896)": 0.5302547770700637}, "mnist": {"clean": 0.9892515923566879, "cw (None)": 0.9879578025477707, "purified cw (None)": 0.9895501592356688, "fgsm (0.009999999776482582)": 0.9879578025477707, "purified fgsm (0.009999999776482582)": 0.9893511146496815, "ifgsm (0.009999999776482582)": 0.9875597133757962, "purified ifgsm (0.009999999776482582)": 0.9892515923566879, "fgsm (0.30000001192092896)": 0.9699442675159236, "purified fgsm (0.30000001192092896)": 0.9866640127388535, "ifgsm (0.30000001192092896)": 0.9635748407643312, "purified ifgsm (0.30000001192092896)": 0.9828821656050956, "fgsm (0.5)": 0.9688495222929936, "purified fgsm (0.5)": 0.9873606687898089, "ifgsm (0.5)": 0.9635748407643312, "purified ifgsm (0.5)": 0.9828821656050956}, "fashion_mnist": {"clean": 0.913515127388535, "cw (None)": 0.7670183121019108, "purified cw (None)": 0.8801751592356688, "fgsm (0.009999999776482582)": 0.820859872611465, "purified fgsm (0.009999999776482582)": 0.8762937898089171, "ifgsm (0.009999999776482582)": 0.7783638535031847, "purified ifgsm (0.009999999776482582)": 0.8758957006369427, "fgsm (0.30000001192092896)": 0.6473925159235668, "purified fgsm (0.30000001192092896)": 0.8987858280254777, "ifgsm (0.30000001192092896)": 0.5822054140127388, "purified ifgsm (0.30000001192092896)": 0.7733877388535032, "fgsm (0.5)": 0.6358479299363057, "purified fgsm (0.5)": 0.8992834394904459, "ifgsm (0.5)": 0.5822054140127388, "purified ifgsm (0.5)": 0.7733877388535032}}