{"fgsm - 0.009999999776482582 - MNIST": {"acc_original": 31.273066666666665, "acc_adv": 29.59786666666667, "acc_reconstructed": 31.125866666666667}, "fgsm - 0.30000001192092896 - MNIST": {"acc_original": 28.351466666666667, "acc_adv": 19.437866666666668, "acc_reconstructed": 27.448533333333334}, "ifgsm - 0.009999999776482582 - MNIST": {"acc_original": 0.9799833333333333, "acc_adv": 0.9522, "acc_reconstructed": 0.9763833333333334}, "ifgsm - 0.30000001192092896 - MNIST": {"acc_original": 0.9802666666666666, "acc_adv": 0.42505, "acc_reconstructed": 0.9695166666666667}, "fgsm - 0.009999999776482582 - FMNIST": {"acc_original": 0.7429666666666667, "acc_adv": 0.6691833333333334, "acc_reconstructed": 0.7234666666666667}, "fgsm - 0.30000001192092896 - FMNIST": {"acc_original": 0.7606333333333334, "acc_adv": 0.525, "acc_reconstructed": 0.7325666666666667}, "ifgsm - 0.009999999776482582 - FMNIST": {"acc_original": 0.8733666666666666, "acc_adv": 0.7386166666666667, "acc_reconstructed": 0.8393833333333334}, "ifgsm - 0.30000001192092896 - FMNIST": {"acc_original": 0.7298666666666667, "acc_adv": 0.40371666666666667, "acc_reconstructed": 0.7084833333333334}, "fgsm - 0.009999999776482582 - CIFAR": {"acc_original": 0.34647087067861715, "acc_adv": 0.10305297695262484, "acc_reconstructed": 0.3216829385403329}, "fgsm - 0.05999999865889549 - CIFAR": {"acc_original": 0.3368878040973111, "acc_adv": 0.03805217669654289, "acc_reconstructed": 0.26874599871959026}, "ifgsm - 0.009999999776482582 - CIFAR": {"acc_original": 0.3690580985915493, "acc_adv": 0.16033130601792572, "acc_reconstructed": 0.3294254161331626}, "ifgsm - 0.05999999865889549 - CIFAR": {"acc_original": 0.37163892445582586, "acc_adv": 0.02294734314980794, "acc_reconstructed": 0.32764484635083224}}